<ImportExportXml version="9.2.22113.172" SolutionPackageVersion="9.2" languagecode="1033" generatedBy="CrmLive" xmlns:xsi="http://www.w3.org/2001/XMLSchema-instance">
  <SolutionManifest>
    <UniqueName>RSS</UniqueName>
    <LocalizedNames>
      <LocalizedName description="RSS" languagecode="1033" />
    </LocalizedNames>
    <Descriptions />
    <Version>1.0.0.0</Version>
    <Managed>0</Managed>
    <Publisher>
      <UniqueName>fkinoshita</UniqueName>
      <LocalizedNames>
        <LocalizedName description="fkinoshita" languagecode="1033" />
      </LocalizedNames>
      <Descriptions />
      <EMailAddress xsi:nil="true"></EMailAddress>
      <SupportingWebsiteUrl xsi:nil="true"></SupportingWebsiteUrl>
      <CustomizationPrefix>fkino</CustomizationPrefix>
      <CustomizationOptionValuePrefix>10000</CustomizationOptionValuePrefix>
      <Addresses>
        <Address>
          <AddressNumber>1</AddressNumber>
          <AddressTypeCode>1</AddressTypeCode>
          <City xsi:nil="true"></City>
          <County xsi:nil="true"></County>
          <Country xsi:nil="true"></Country>
          <Fax xsi:nil="true"></Fax>
          <FreightTermsCode xsi:nil="true"></FreightTermsCode>
          <ImportSequenceNumber xsi:nil="true"></ImportSequenceNumber>
          <Latitude xsi:nil="true"></Latitude>
          <Line1 xsi:nil="true"></Line1>
          <Line2 xsi:nil="true"></Line2>
          <Line3 xsi:nil="true"></Line3>
          <Longitude xsi:nil="true"></Longitude>
          <Name xsi:nil="true"></Name>
          <PostalCode xsi:nil="true"></PostalCode>
          <PostOfficeBox xsi:nil="true"></PostOfficeBox>
          <PrimaryContactName xsi:nil="true"></PrimaryContactName>
          <ShippingMethodCode>1</ShippingMethodCode>
          <StateOrProvince xsi:nil="true"></StateOrProvince>
          <Telephone1 xsi:nil="true"></Telephone1>
          <Telephone2 xsi:nil="true"></Telephone2>
          <Telephone3 xsi:nil="true"></Telephone3>
          <TimeZoneRuleVersionNumber xsi:nil="true"></TimeZoneRuleVersionNumber>
          <UPSZone xsi:nil="true"></UPSZone>
          <UTCOffset xsi:nil="true"></UTCOffset>
          <UTCConversionTimeZoneCode xsi:nil="true"></UTCConversionTimeZoneCode>
        </Address>
        <Address>
          <AddressNumber>2</AddressNumber>
          <AddressTypeCode>1</AddressTypeCode>
          <City xsi:nil="true"></City>
          <County xsi:nil="true"></County>
          <Country xsi:nil="true"></Country>
          <Fax xsi:nil="true"></Fax>
          <FreightTermsCode xsi:nil="true"></FreightTermsCode>
          <ImportSequenceNumber xsi:nil="true"></ImportSequenceNumber>
          <Latitude xsi:nil="true"></Latitude>
          <Line1 xsi:nil="true"></Line1>
          <Line2 xsi:nil="true"></Line2>
          <Line3 xsi:nil="true"></Line3>
          <Longitude xsi:nil="true"></Longitude>
          <Name xsi:nil="true"></Name>
          <PostalCode xsi:nil="true"></PostalCode>
          <PostOfficeBox xsi:nil="true"></PostOfficeBox>
          <PrimaryContactName xsi:nil="true"></PrimaryContactName>
          <ShippingMethodCode>1</ShippingMethodCode>
          <StateOrProvince xsi:nil="true"></StateOrProvince>
          <Telephone1 xsi:nil="true"></Telephone1>
          <Telephone2 xsi:nil="true"></Telephone2>
          <Telephone3 xsi:nil="true"></Telephone3>
          <TimeZoneRuleVersionNumber xsi:nil="true"></TimeZoneRuleVersionNumber>
          <UPSZone xsi:nil="true"></UPSZone>
          <UTCOffset xsi:nil="true"></UTCOffset>
          <UTCConversionTimeZoneCode xsi:nil="true"></UTCConversionTimeZoneCode>
        </Address>
      </Addresses>
    </Publisher>
    <RootComponents>
      <RootComponent type="29" id="{1452ae2c-e03c-ed11-bba3-002248e78e96}" behavior="0" />
      <RootComponent type="29" id="{1652ae2c-e03c-ed11-bba3-002248e78e96}" behavior="0" />
      <RootComponent type="29" id="{3df489e7-028b-ed11-81ad-002248e78e96}" behavior="0" />
      <RootComponent type="29" id="{b791a026-e03c-ed11-bba3-002248e78e96}" behavior="0" />
      <RootComponent type="29" id="{b891a026-e03c-ed11-bba3-002248e78e96}" behavior="0" />
      <RootComponent type="29" id="{b991a026-e03c-ed11-bba3-002248e78e96}" behavior="0" />
      <RootComponent type="29" id="{ba91a026-e03c-ed11-bba3-002248e78e96}" behavior="0" />
      <RootComponent type="29" id="{e951ae2c-e03c-ed11-bba3-002248e78e96}" behavior="0" />
      <RootComponent type="29" id="{ea51ae2c-e03c-ed11-bba3-002248e78e96}" behavior="0" />
      <RootComponent type="29" id="{eb51ae2c-e03c-ed11-bba3-002248e78e96}" behavior="0" />
      <RootComponent type="29" id="{f251ae2c-e03c-ed11-bba3-002248e78e96}" behavior="0" />
    </RootComponents>
    <MissingDependencies>
      <MissingDependency>
        <Required type="EnvironmentVariableDefinition" displayName="noi_MailAdress" solution="Active" id.schemaname="noi_MailAdress" />
        <Dependent type="29" displayName="PBI RSS" id="{1452ae2c-e03c-ed11-bba3-002248e78e96}" />
      </MissingDependency>
      <MissingDependency>
        <Required type="EnvironmentVariableDefinition" displayName="noi_MailAdress" solution="Active" id.schemaname="noi_MailAdress" />
        <Dependent type="29" displayName="Teams RSS" id="{1652ae2c-e03c-ed11-bba3-002248e78e96}" />
      </MissingDependency>
      <MissingDependency>
        <Required type="EnvironmentVariableDefinition" displayName="noi_MailAdress" solution="Active" id.schemaname="noi_MailAdress" />
        <Dependent type="29" displayName="D365 FT Blog RSS" id="{3df489e7-028b-ed11-81ad-002248e78e96}" />
      </MissingDependency>
      <MissingDependency>
        <Required type="EnvironmentVariableDefinition" displayName="noi_MailAdress" solution="Active" id.schemaname="noi_MailAdress" />
        <Dependent type="29" displayName="D365 FT RSS" id="{b791a026-e03c-ed11-bba3-002248e78e96}" />
      </MissingDependency>
      <MissingDependency>
        <Required type="EnvironmentVariableDefinition" displayName="noi_MailAdress" solution="Active" id.schemaname="noi_MailAdress" />
        <Dependent type="29" displayName="PPG RSS" id="{b891a026-e03c-ed11-bba3-002248e78e96}" />
      </MissingDependency>
      <MissingDependency>
        <Required type="EnvironmentVariableDefinition" displayName="noi_MailAdress" solution="Active" id.schemaname="noi_MailAdress" />
        <Dependent type="29" displayName="PAT RSS" id="{b991a026-e03c-ed11-bba3-002248e78e96}" />
      </MissingDependency>
      <MissingDependency>
        <Required type="EnvironmentVariableDefinition" displayName="noi_MailAdress" solution="Active" id.schemaname="noi_MailAdress" />
        <Dependent type="29" displayName="PVA RSS" id="{ba91a026-e03c-ed11-bba3-002248e78e96}" />
      </MissingDependency>
      <MissingDependency>
        <Required type="EnvironmentVariableDefinition" displayName="noi_MailAdress" solution="Active" id.schemaname="noi_MailAdress" />
        <Dependent type="29" displayName="PAP RSS" id="{e951ae2c-e03c-ed11-bba3-002248e78e96}" />
      </MissingDependency>
      <MissingDependency>
        <Required type="EnvironmentVariableDefinition" displayName="noi_MailAdress" solution="Active" id.schemaname="noi_MailAdress" />
        <Dependent type="29" displayName="CE-in-the-field" id="{ea51ae2c-e03c-ed11-bba3-002248e78e96}" />
      </MissingDependency>
      <MissingDependency>
        <Required type="EnvironmentVariableDefinition" displayName="noi_MailAdress" solution="Active" id.schemaname="noi_MailAdress" />
        <Dependent type="29" displayName="PP RSS" id="{eb51ae2c-e03c-ed11-bba3-002248e78e96}" />
      </MissingDependency>
      <MissingDependency>
        <Required type="EnvironmentVariableDefinition" displayName="noi_MailAdress" solution="Active" id.schemaname="noi_MailAdress" />
        <Dependent type="29" displayName="D365 RSS" id="{f251ae2c-e03c-ed11-bba3-002248e78e96}" />
      </MissingDependency>
    </MissingDependencies>
  </SolutionManifest>
</ImportExportXml>